criteria,u_stat,p_value
score_criteria1,1416.0,0.24105031278011324
score_criteria2,1237.0,0.9275866460919444
score_criteria3,1508.0,0.06798901375933745
score_criteria4,1340.5,0.5204484298400893
score_criteria5,1389.0,0.284793834443121
score_criteria6,1480.0,0.09762233172385683
score_criteria7,1616.5,0.0064657911600366534
compound_score,1497.0,0.08843953324171373
