criteria,u_stat,p_value
score_criteria1,1265.0,0.9158954363849532
score_criteria2,1170.5,0.5641673588723791
score_criteria3,1278.5,0.840459641902259
score_criteria4,1272.0,0.8780119734031001
score_criteria5,1262.5,0.9294946569523707
score_criteria6,1291.0,0.7658848788333633
score_criteria7,1108.5,0.3009264578926527
compound_score,1334.5,0.560942269128553
