criteria,u_stat,p_value
score_criteria1,5590.5,0.07526633176594848
score_criteria2,5048.5,0.6987001116220519
score_criteria3,5085.0,0.6253207395400735
score_criteria4,5900.5,0.010213790176025061
score_criteria5,5193.5,0.4437854092733201
score_criteria6,5392.5,0.1944603216950077
score_criteria7,4936.5,0.9240407753640109
compound_score,5550.5,0.10593645309700658
