criteria,u_stat,p_value
score_criteria1,1597.5,0.0028685986173086196
score_criteria2,1407.0,0.1165667969069111
score_criteria3,1281.0,0.5218684104127752
score_criteria4,1728.5,7.68448032887182e-05
score_criteria5,1394.5,0.13999341537138477
score_criteria6,1448.0,0.054941813130411105
score_criteria7,1384.0,0.1513812641472947
compound_score,1562.0,0.009973107281189513
