criteria,u_stat,p_value
score_criteria1,6363.0,0.0002063666393645203
score_criteria2,5435.0,0.1746421156907464
score_criteria3,6123.0,0.0018665099263031869
score_criteria4,6045.5,0.00343280673613112
score_criteria5,5685.0,0.04455979860268855
score_criteria6,5996.5,0.005395770245554615
score_criteria7,6360.5,0.0001997058280014587
compound_score,5981.5,0.007231499863294168
