criteria,u_stat,p_value
score_criteria1,1816.0,6.316237943741993e-06
score_criteria2,1524.5,0.01734540309997963
score_criteria3,1566.0,0.007104122390661608
score_criteria4,1702.0,0.00019672556187517426
score_criteria5,1435.5,0.08672391172949961
score_criteria6,1562.0,0.008290427203883406
score_criteria7,1555.0,0.009489551555637812
compound_score,1580.0,0.006871106852814681
